﻿<?xml version="1.0" encoding="utf-8"?><meta xmlns:xsd="http://www.w3.org/2001/XMLSchema" xmlns:xsi="http://www.w3.org/2001/XMLSchema-instance"><project id="6oqrWvlbcUB" courseid="6L83yUoX1ty" thumburl="story_content/thumbnail.jpg" title="Gigante Sales and Customer Service" datepublished="2025-07-31T21:52:49" version="1.0.0.0" flashdata="story_content/data.swf" html5data="mobile/data.json" mobiledata="mobile/data.gz" enabledownload="false" duration="Acerca de 18 minutos" totalaudio="2016285" totalvideo="0"><description>Test Gigante Sales Module 1</description><keywords /><slidemeta moniker="diapositiva" monikerplural="diapositivas" viewslides="44" slidecountdescription="44 diapositivas" /><author name="Usuario" email="" website="" /><application name="Articulate Storyline" version="3.95.33670.0" xmlversion="4.0" /></project></meta>